study_code,study_name,experiment_code,experiment_description,model_kind,artifact_version,test_accuracy,test_precision_fake,test_recall_fake,test_f1_fake,test_f1_macro,test_roc_auc,test_loss_ce,run_name
E02,Eksperimen utama 2,E02,Penurunan resolusi input model menjadi 112 x 112 untuk menguji ketahanan terhadap pengurangan informasi spasial,spatial_vit,latest,0.7605,0.8545,0.7691,0.8095,0.7435,0.8465,1.03,E02_spatial_vit_Eksperimen_utama_2
E02,Eksperimen utama 2,E02,Penurunan resolusi input model menjadi 112 x 112 untuk menguji ketahanan terhadap pengurangan informasi spasial,spatiotemporal_videomae,latest,0.7843,0.8493,0.8195,0.8342,0.7629,0.8497,0.73,E02_spatiotemporal_videomae_Eksperimen_utama_2
E03,Eksperimen utama 3,E03,Stride lebih rapat dengan 16 frame dan stride 1 untuk menguji pengaruh kepadatan sampling temporal,spatial_vit,latest,0.8106,0.8694,0.8401,0.8545,0.7917,0.8806,0.9038,E03_spatial_vit_Eksperimen_utama_3
E03,Eksperimen utama 3,E03,Stride lebih rapat dengan 16 frame dan stride 1 untuk menguji pengaruh kepadatan sampling temporal,spatiotemporal_videomae,latest,0.8292,0.9097,0.8237,0.8646,0.8167,0.9016,0.7697,E03_spatiotemporal_videomae_Eksperimen_utama_3
E04,Eksperimen utama 4,E04,Jumlah frame lebih pendek dengan 8 frame dan stride 3 untuk menguji pengaruh pengurangan evidensi temporal,spatial_vit,latest,0.7843,0.85,0.8186,0.834,0.7631,0.8586,0.9935,E04_spatial_vit_Eksperimen_utama_4
E04,Eksperimen utama 4,E04,Jumlah frame lebih pendek dengan 8 frame dan stride 3 untuk menguji pengaruh pengurangan evidensi temporal,spatiotemporal_videomae,latest,0.8509,0.951,0.8167,0.8788,0.8425,0.9246,0.7074,E04_spatiotemporal_videomae_Eksperimen_utama_4
E05,Eksperimen utama 5,E05,Jumlah frame lebih panjang dengan 24 frame dan stride 1 untuk menguji pengaruh penambahan cakupan temporal,spatial_vit,latest,0.8026,0.8871,0.8041,0.8436,0.7881,0.8844,0.8667,E05_spatial_vit_Eksperimen_utama_5
E05,Eksperimen utama 5,E05,Jumlah frame lebih panjang dengan 24 frame dan stride 1 untuk menguji pengaruh penambahan cakupan temporal,spatiotemporal_videomae,latest,0.8512,0.9419,0.8261,0.8802,0.8419,0.9274,0.6918,E05_spatiotemporal_videomae_Eksperimen_utama_5
M01,Eksperimen Baseline,E01,"Konfigurasi dasar dengan resolusi 224 x 224, 16 frame, dan stride 3",spatial_vit,v11,0.7924,0.8424,0.8443,0.8433,0.7678,0.8683,0.933,M01_spatial_vit_Eksperimen_Baseline
M01,Eksperimen Baseline,E01,"Konfigurasi dasar dengan resolusi 224 x 224, 16 frame, dan stride 3",spatiotemporal_videomae,v12,0.8583,0.9175,0.8635,0.8897,0.8458,0.9231,0.655,M01_spatiotemporal_videomae_Eksperimen_Baseline
M02,Eksperimen 40 Epoch,E01,"Konfigurasi dasar dengan resolusi 224 x 224, 16 frame, dan stride 3",spatial_vit,v14,0.7806,0.8659,0.791,0.8268,0.7639,0.8515,1.1624,M02_spatial_vit_Eksperimen_40_Epoch
M02,Eksperimen 40 Epoch,E01,"Konfigurasi dasar dengan resolusi 224 x 224, 16 frame, dan stride 3",spatiotemporal_videomae,v15,0.8456,0.9116,0.849,0.8792,0.8327,0.9177,0.7996,M02_spatiotemporal_videomae_Eksperimen_40_Epoch
M03,Eksperimen LR=5e-4,E01,"Konfigurasi dasar dengan resolusi 224 x 224, 16 frame, dan stride 3",spatial_vit,v13,0.6405,0.7151,0.7592,0.7365,0.5854,0.6429,0.6843,M03_spatial_vit_Eksperimen_LR=5e-4
M03,Eksperimen LR=5e-4,E01,"Konfigurasi dasar dengan resolusi 224 x 224, 16 frame, dan stride 3",spatiotemporal_videomae,v14,0.6043,0.6969,0.7115,0.7041,0.5534,0.5741,0.6774,M03_spatiotemporal_videomae_Eksperimen_LR=5e-4
M04,Eksperimen Focal Loss,E01,"Konfigurasi dasar dengan resolusi 224 x 224, 16 frame, dan stride 3",spatial_vit,v12,0.819,0.8885,0.8308,0.8587,0.8035,0.8818,0.459,M04_spatial_vit_Eksperimen_Focal_Loss
M04,Eksperimen Focal Loss,E01,"Konfigurasi dasar dengan resolusi 224 x 224, 16 frame, dan stride 3",spatiotemporal_videomae,v13,0.8357,0.9313,0.8116,0.8673,0.8258,0.9214,0.4341,M04_spatiotemporal_videomae_Eksperimen_Focal_Loss
M05,Eksperimen Augmentasi Lebih Berat,E01,"Konfigurasi dasar dengan resolusi 224 x 224, 16 frame, dan stride 3",spatial_vit,v15,0.7188,0.8271,0.727,0.7738,0.701,0.775,1.2459,M05_spatial_vit_Eksperimen_Augmentasi_Lebih_Berat
M05,Eksperimen Augmentasi Lebih Berat,E01,"Konfigurasi dasar dengan resolusi 224 x 224, 16 frame, dan stride 3",spatiotemporal_videomae,v16,0.8147,0.8615,0.8579,0.8597,0.7934,0.8793,0.7124,M05_spatiotemporal_videomae_Eksperimen_Augmentasi_Lebih_Berat
M07,Eksperimen Dropout,E01,"Konfigurasi dasar dengan resolusi 224 x 224, 16 frame, dan stride 3",spatial_vit,v10,0.7949,0.8579,0.827,0.8422,0.7746,0.8718,0.9914,M07_spatial_vit_Eksperimen_Dropout
M07,Eksperimen Dropout,E01,"Konfigurasi dasar dengan resolusi 224 x 224, 16 frame, dan stride 3",spatiotemporal_videomae,v11,0.8388,0.9267,0.8214,0.8709,0.8282,0.9109,0.8122,M07_spatiotemporal_videomae_Eksperimen_Dropout
M08,Eksperimen Scheduler,E01,"Konfigurasi dasar dengan resolusi 224 x 224, 16 frame, dan stride 3",spatial_vit,v9,0.8255,0.8723,0.8626,0.8674,0.8061,0.8874,0.8494,M08_spatial_vit_Eksperimen_Scheduler
M08,Eksperimen Scheduler,E01,"Konfigurasi dasar dengan resolusi 224 x 224, 16 frame, dan stride 3",spatiotemporal_videomae,v10,0.8413,0.9186,0.834,0.8743,0.8295,0.9154,0.6642,M08_spatiotemporal_videomae_Eksperimen_Scheduler
